Date,Open,Close,High,Low,Volume
4-Jan-16,102.610001,105.349998,105.370003,102,67649400
5-Jan-16,105.75,102.709999,105.849998,102.410004,55791000
6-Jan-16,100.559998,100.699997,102.370003,99.870003,68457400
7-Jan-16,98.68,96.449997,100.129997,96.43,81094400
8-Jan-16,98.550003,96.959999,99.110001,96.760002,70798000
11-Jan-16,98.970001,98.529999,99.059998,97.339996,49739400
12-Jan-16,100.550003,99.959999,100.690002,98.839996,49154200
13-Jan-16,100.32,97.389999,101.190002,97.300003,62439600
14-Jan-16,97.959999,99.519997,100.480003,95.739998,63170100
15-Jan-16,96.199997,97.129997,97.709999,95.360001,79833900
19-Jan-16,98.410004,96.660004,98.650002,95.5,53087700
20-Jan-16,95.099998,96.790001,98.190002,93.419998,72334400
21-Jan-16,97.059998,96.300003,97.879997,94.940002,52161500
22-Jan-16,98.629997,101.419998,101.459999,98.370003,65800500
25-Jan-16,101.519997,99.440002,101.529999,99.209999,51794500
26-Jan-16,99.93,99.989998,100.879997,98.07,75077000
27-Jan-16,96.040001,93.419998,96.629997,93.339996,133369700
28-Jan-16,93.790001,94.089996,94.519997,92.389999,55678800
29-Jan-16,94.790001,97.339996,97.339996,94.349998,64416500
1-Feb-16,96.470001,96.43,96.709999,95.400002,40943500
2-Feb-16,95.419998,94.480003,96.040001,94.279999,37357200
3-Feb-16,95,96.349998,96.839996,94.080002,45964300
4-Feb-16,95.860001,96.599998,97.330002,95.190002,46471700
5-Feb-16,96.519997,94.019997,96.919998,93.690002,46418100
8-Feb-16,93.129997,95.010002,95.699997,93.040001,54021400
9-Feb-16,94.290001,94.989998,95.940002,93.93,44331200
10-Feb-16,95.919998,94.269997,96.349998,94.099998,42343600
11-Feb-16,93.790001,93.699997,94.720001,92.589996,50074700
12-Feb-16,94.190002,93.989998,94.5,93.010002,40351400
16-Feb-16,95.019997,96.639999,96.849998,94.610001,49057900
17-Feb-16,96.669998,98.120003,98.209999,96.150002,44863200
18-Feb-16,98.839996,96.260002,98.889999,96.089996,39021000
19-Feb-16,96,96.040001,96.760002,95.800003,35374200
22-Feb-16,96.309998,96.879997,96.900002,95.919998,34280800
23-Feb-16,96.400002,94.690002,96.5,94.550003,31942600
24-Feb-16,93.980003,96.099998,96.379997,93.32,36255700
25-Feb-16,96.050003,96.760002,96.760002,95.25,27582700
26-Feb-16,97.199997,96.910004,98.019997,96.580002,28991100
29-Feb-16,96.860001,96.690002,98.230003,96.650002,35216300
1-Mar-16,97.650002,100.529999,100.769997,97.419998,50407100
2-Mar-16,100.510002,100.75,100.889999,99.639999,33169600
3-Mar-16,100.580002,101.5,101.709999,100.449997,36955700
4-Mar-16,102.370003,103.010002,103.75,101.370003,46055100
7-Mar-16,102.389999,101.870003,102.830002,100.959999,35828900
8-Mar-16,100.779999,101.029999,101.760002,100.400002,31561900
9-Mar-16,101.309998,101.120003,101.580002,100.269997,27201700
10-Mar-16,101.410004,101.169998,102.239998,100.150002,33513600
11-Mar-16,102.239998,102.260002,102.279999,101.5,27408200
14-Mar-16,101.910004,102.519997,102.910004,101.779999,25076100
15-Mar-16,103.959999,104.580002,105.18,103.849998,40067700
16-Mar-16,104.610001,105.970001,106.309998,104.589996,38303500
17-Mar-16,105.519997,105.800003,106.470001,104.959999,34420700
18-Mar-16,106.339996,105.919998,106.5,105.190002,44205200
21-Mar-16,105.93,105.910004,107.650002,105.139999,35502700
22-Mar-16,105.25,106.720001,107.290001,105.209999,32444400
23-Mar-16,106.480003,106.129997,107.07,105.900002,25703500
24-Mar-16,105.470001,105.669998,106.25,104.889999,26133000
28-Mar-16,106,105.190002,106.190002,105.059998,19411400
29-Mar-16,104.889999,107.68,107.790001,104.879997,31190100
30-Mar-16,108.650002,109.559998,110.419998,108.599998,45601100
31-Mar-16,109.720001,108.989998,109.900002,108.879997,25888400
1-Apr-16,108.779999,109.989998,110,108.199997,25874000
4-Apr-16,110.419998,111.120003,112.190002,110.269997,37356200
5-Apr-16,109.510002,109.809998,110.730003,109.419998,26578700
6-Apr-16,110.230003,110.959999,110.980003,109.199997,26404100
7-Apr-16,109.949997,108.540001,110.419998,108.120003,31801900
8-Apr-16,108.910004,108.660004,109.769997,108.169998,23581700
11-Apr-16,108.970001,109.019997,110.610001,108.830002,29407500
12-Apr-16,109.339996,110.440002,110.5,108.660004,27232300
13-Apr-16,110.800003,112.040001,112.339996,110.800003,33257300
14-Apr-16,111.620003,112.099998,112.389999,111.330002,25473900
15-Apr-16,112.110001,109.849998,112.300003,109.730003,46939000
18-Apr-16,108.889999,107.480003,108.949997,106.940002,60821500
19-Apr-16,107.879997,106.910004,108,106.230003,32384900
20-Apr-16,106.639999,107.129997,108.089996,106.059998,30611000
21-Apr-16,106.93,105.970001,106.93,105.519997,31552500
22-Apr-16,105.010002,105.68,106.480003,104.620003,33683100
25-Apr-16,105,105.080002,105.650002,104.510002,28031600
26-Apr-16,103.910004,104.349998,105.300003,103.910004,56016200
27-Apr-16,96,97.82,98.709999,95.68,114602100
28-Apr-16,97.610001,94.830002,97.879997,94.25,82242700
29-Apr-16,93.989998,93.739998,94.720001,92.510002,68531500
2-May-16,93.970001,93.639999,94.080002,92.400002,48160100
3-May-16,94.199997,95.18,95.739998,93.68,56831300
4-May-16,95.199997,94.190002,95.900002,93.82,41025500
5-May-16,94,93.239998,94.07,92.68,35890500
6-May-16,93.370003,92.720001,93.449997,91.849998,43699900
9-May-16,93,92.790001,93.769997,92.589996,32936400
10-May-16,93.330002,93.419998,93.57,92.110001,33686800
11-May-16,93.480003,92.510002,93.57,92.459999,28719100
12-May-16,92.720001,90.339996,92.779999,89.470001,76314700
13-May-16,90,90.519997,91.669998,90,44392800
16-May-16,92.389999,93.879997,94.389999,91.650002,61259800
17-May-16,94.550003,93.489998,94.699997,93.010002,46916900
18-May-16,94.160004,94.559998,95.209999,93.889999,42062400
19-May-16,94.639999,94.199997,94.639999,93.57,30442100
20-May-16,94.639999,95.220001,95.43,94.519997,32026000
23-May-16,95.870003,96.43,97.190002,95.669998,38018600
24-May-16,97.220001,97.900002,98.089996,96.839996,35140200
25-May-16,98.669998,99.620003,99.739998,98.110001,38168800
26-May-16,99.68,100.410004,100.730003,98.639999,56331200
27-May-16,99.440002,100.349998,100.470001,99.25,36341200
31-May-16,99.599998,99.860001,100.400002,98.82,42307200
1-Jun-16,99.019997,98.459999,99.540001,98.330002,29173300
2-Jun-16,97.599998,97.720001,97.839996,96.629997,40191600
3-Jun-16,97.790001,97.919998,98.269997,97.449997,28504900
6-Jun-16,97.989998,98.629997,101.889999,97.550003,23292500
7-Jun-16,99.25,99.029999,99.870003,98.959999,22409500
8-Jun-16,99.019997,98.940002,99.559998,98.68,20848100
9-Jun-16,98.5,99.650002,99.989998,98.459999,26601400
10-Jun-16,98.529999,98.830002,99.349998,98.480003,31712900
13-Jun-16,98.690002,97.339996,99.120003,97.099998,38020500
14-Jun-16,97.32,97.459999,98.480003,96.75,31931900
15-Jun-16,97.82,97.139999,98.410004,97.029999,29445200
16-Jun-16,96.449997,97.550003,97.75,96.07,31326800
17-Jun-16,96.620003,95.330002,96.650002,95.300003,61008200
20-Jun-16,96,95.099998,96.57,95.029999,34411900
21-Jun-16,94.940002,95.910004,96.349998,94.68,35546400
22-Jun-16,96.25,95.550003,96.889999,95.349998,29219100
23-Jun-16,95.940002,96.099998,96.290001,95.25,32240200
24-Jun-16,92.910004,93.400002,94.660004,92.650002,75311400
27-Jun-16,93,92.040001,93.050003,91.5,45489600
28-Jun-16,92.900002,93.589996,93.660004,92.139999,40444900
29-Jun-16,93.970001,94.400002,94.550003,93.629997,36531000
30-Jun-16,94.440002,95.599998,95.769997,94.300003,35836400
1-Jul-16,95.489998,95.889999,96.470001,95.330002,26026500
5-Jul-16,95.389999,94.989998,95.400002,94.459999,27705200
6-Jul-16,94.599998,95.529999,95.660004,94.370003,30949100
7-Jul-16,95.699997,95.940002,96.5,95.620003,25139600
8-Jul-16,96.489998,96.68,96.889999,96.050003,28912100
11-Jul-16,96.75,96.980003,97.650002,96.730003,23794900
12-Jul-16,97.169998,97.419998,97.699997,97.120003,24167500
13-Jul-16,97.410004,96.870003,97.669998,96.839996,25892200
14-Jul-16,97.389999,98.790001,98.989998,97.32,38919000
15-Jul-16,98.919998,98.779999,99.300003,98.5,30137000
18-Jul-16,98.699997,99.830002,100.129997,98.599998,36493900
19-Jul-16,99.559998,99.870003,100,99.339996,23779900
20-Jul-16,100,99.959999,100.459999,99.739998,26276000
21-Jul-16,99.830002,99.43,101,99.129997,32702000
22-Jul-16,99.260002,98.660004,99.300003,98.309998,28313700
25-Jul-16,98.25,97.339996,98.839996,96.919998,40382900
26-Jul-16,96.82,96.669998,97.970001,96.419998,56239800
27-Jul-16,104.269997,102.949997,104.349998,102.75,92344800
28-Jul-16,102.830002,104.339996,104.449997,102.82,39869800
29-Jul-16,104.190002,104.209999,104.550003,103.68,27733700
1-Aug-16,104.410004,106.050003,106.150002,104.410004,38167900
2-Aug-16,106.050003,104.480003,106.07,104,33816600
3-Aug-16,104.809998,105.790001,105.839996,104.769997,30202600
4-Aug-16,105.580002,105.870003,106,105.279999,27408700
5-Aug-16,106.269997,107.480003,107.650002,106.18,40553400
8-Aug-16,107.519997,108.370003,108.370003,107.160004,28037200
9-Aug-16,108.230003,108.809998,108.940002,108.010002,26315200
10-Aug-16,108.709999,108,108.900002,107.760002,24008500
11-Aug-16,108.519997,107.93,108.93,107.849998,27484500
12-Aug-16,107.779999,108.18,108.440002,107.779999,18660400
15-Aug-16,108.139999,109.480003,109.540001,108.080002,25868200
16-Aug-16,109.629997,109.379997,110.230003,109.209999,33794400
17-Aug-16,109.099998,109.220001,109.370003,108.339996,25356000
18-Aug-16,109.230003,109.080002,109.599998,109.019997,21984700
19-Aug-16,108.769997,109.360001,109.690002,108.360001,25368100
22-Aug-16,108.860001,108.510002,109.099998,107.849998,25820200
23-Aug-16,108.589996,108.849998,109.32,108.529999,21257700
24-Aug-16,108.57,108.029999,108.75,107.68,23675100
25-Aug-16,107.389999,107.57,107.879997,106.68,25086200
26-Aug-16,107.410004,106.940002,107.949997,106.309998,27766300
29-Aug-16,106.620003,106.82,107.440002,106.290001,24970300
30-Aug-16,105.800003,106,106.5,105.5,24863900
31-Aug-16,105.660004,106.099998,106.57,105.639999,29662400
1-Sep-16,106.139999,106.730003,106.800003,105.620003,26701500
2-Sep-16,107.699997,107.730003,108,106.82,26802500
6-Sep-16,107.900002,107.699997,108.300003,107.510002,26880400
7-Sep-16,107.830002,108.360001,108.760002,107.07,42364300
8-Sep-16,107.25,105.519997,107.269997,105.239998,53002000
9-Sep-16,104.639999,103.129997,105.720001,103.129997,46557000
12-Sep-16,102.650002,105.440002,105.720001,102.529999,45292800
13-Sep-16,107.510002,107.949997,108.790001,107.239998,62176200
14-Sep-16,108.730003,111.769997,113.029999,108.599998,110888700
15-Sep-16,113.860001,115.57,115.730003,113.489998,89983600
16-Sep-16,115.120003,114.919998,116.129997,114.040001,79886900
19-Sep-16,115.190002,113.580002,116.18,113.25,47023000
20-Sep-16,113.050003,113.57,114.120003,112.510002,34514300
21-Sep-16,113.849998,113.550003,113.989998,112.440002,36003200
22-Sep-16,114.349998,114.620003,114.940002,114,31074000
23-Sep-16,114.419998,112.709999,114.790001,111.550003,52481200
26-Sep-16,111.639999,112.879997,113.389999,111.550003,29869400
27-Sep-16,113,113.089996,113.18,112.339996,24607400
28-Sep-16,113.690002,113.949997,114.639999,113.43,29641100
29-Sep-16,113.160004,112.18,113.800003,111.800003,35887000
30-Sep-16,112.459999,113.050003,113.370003,111.800003,36379100
3-Oct-16,112.709999,112.519997,113.050003,112.279999,21701800
4-Oct-16,113.059998,113,114.309998,112.629997,29736800
5-Oct-16,113.400002,113.050003,113.660004,112.690002,21453100
6-Oct-16,113.699997,113.889999,114.339996,113.129997,28779300
7-Oct-16,114.309998,114.059998,114.559998,113.510002,24358400
10-Oct-16,115.019997,116.050003,116.75,114.720001,36236000
11-Oct-16,117.699997,116.300003,118.690002,116.199997,64041000
12-Oct-16,117.349998,117.339996,117.980003,116.75,37586800
13-Oct-16,116.790001,116.980003,117.440002,115.720001,35192400
14-Oct-16,117.879997,117.629997,118.169998,117.129997,35652200
17-Oct-16,117.330002,117.550003,117.839996,116.779999,23624900
18-Oct-16,118.18,117.470001,118.209999,117.449997,24553500
19-Oct-16,117.25,117.120003,117.760002,113.800003,20034600
20-Oct-16,116.860001,117.059998,117.379997,116.330002,24125800
21-Oct-16,116.809998,116.599998,116.910004,116.279999,23192700
24-Oct-16,117.099998,117.650002,117.739998,117,23538700
25-Oct-16,117.949997,118.25,118.360001,117.309998,48129000
26-Oct-16,114.309998,115.589996,115.699997,113.309998,66134200
27-Oct-16,115.389999,114.480003,115.860001,114.099998,34562000
28-Oct-16,113.870003,113.720001,115.209999,113.449997,37861700
31-Oct-16,113.650002,113.540001,114.230003,113.199997,26419400
1-Nov-16,113.459999,111.489998,113.769997,110.529999,43825800
2-Nov-16,111.400002,111.589996,112.349998,111.230003,28331700
3-Nov-16,110.980003,109.830002,111.459999,109.550003,26932600
4-Nov-16,108.529999,108.839996,110.25,108.110001,30837000
7-Nov-16,110.080002,110.410004,110.510002,109.459999,32560000
8-Nov-16,110.309998,111.059998,111.720001,109.699997,24254200
9-Nov-16,109.879997,110.879997,111.32,108.050003,59176400
10-Nov-16,111.089996,107.790001,111.089996,105.830002,57134500
11-Nov-16,107.120003,108.43,108.870003,106.550003,34143900
14-Nov-16,107.709999,105.709999,107.809998,104.080002,51175500
15-Nov-16,106.57,107.110001,107.68,106.160004,32264500
16-Nov-16,106.699997,109.989998,110.230003,106.599998,58840500
17-Nov-16,109.809998,109.949997,110.349998,108.830002,27632000
18-Nov-16,109.720001,110.059998,110.540001,109.660004,28428900
21-Nov-16,110.120003,111.730003,111.989998,110.010002,29264600
22-Nov-16,111.949997,111.800003,112.419998,111.400002,25965500
23-Nov-16,111.360001,111.230003,111.510002,110.330002,27426400
25-Nov-16,111.129997,111.790001,111.870003,110.949997,11475900
28-Nov-16,111.43,111.57,112.470001,111.389999,27194000
29-Nov-16,110.779999,111.459999,112.029999,110.07,28528800
30-Nov-16,111.599998,110.519997,112.199997,110.269997,36162300
1-Dec-16,110.370003,109.489998,110.940002,109.029999,37086900
2-Dec-16,109.169998,109.900002,110.089996,108.849998,26528000
5-Dec-16,110,109.110001,110.029999,108.25,34324500
6-Dec-16,109.5,109.949997,110.360001,109.190002,26195500
7-Dec-16,109.260002,111.029999,111.190002,109.160004,29998700
8-Dec-16,110.860001,112.120003,112.43,110.599998,27068300
9-Dec-16,112.309998,113.949997,114.699997,112.309998,34402600
12-Dec-16,113.290001,113.300003,115,112.489998,26374400
13-Dec-16,113.839996,115.190002,115.919998,113.75,43733800
14-Dec-16,115.040001,115.190002,116.199997,114.980003,34031800
15-Dec-16,115.379997,115.82,116.730003,115.230003,46524500
16-Dec-16,116.470001,115.970001,116.5,115.650002,44351100
19-Dec-16,115.800003,116.639999,117.379997,115.75,27779400
20-Dec-16,116.739998,116.949997,117.5,116.68,21425000
21-Dec-16,116.800003,117.059998,117.400002,116.779999,23783200
22-Dec-16,116.349998,116.290001,116.510002,115.639999,26085900
23-Dec-16,115.589996,116.519997,116.519997,115.589996,14249500
27-Dec-16,116.519997,117.260002,117.800003,116.489998,18296900
28-Dec-16,117.519997,116.760002,118.019997,116.199997,20905900
29-Dec-16,116.449997,116.730003,117.110001,116.400002,15039500
30-Dec-16,116.650002,115.82,117.199997,115.43,30586300
3-Jan-17,115.800003,116.150002,116.330002,114.760002,28781900
4-Jan-17,115.849998,116.019997,116.510002,115.75,21118100
5-Jan-17,115.919998,116.610001,116.860001,115.809998,22193600
6-Jan-17,116.779999,117.910004,118.160004,116.470001,31751900
9-Jan-17,117.949997,118.989998,119.43,117.940002,33561900
10-Jan-17,118.769997,119.110001,119.379997,118.300003,24462100
11-Jan-17,118.739998,119.75,119.93,118.599998,27588600
12-Jan-17,118.900002,119.25,119.300003,118.209999,27086200
13-Jan-17,119.110001,119.040001,119.620003,118.809998,26111900
17-Jan-17,118.339996,120,120.239998,118.220001,34439800
18-Jan-17,120,119.989998,120.5,119.709999,23713000
19-Jan-17,119.400002,119.779999,120.089996,119.370003,25597300
20-Jan-17,120.449997,120,120.449997,119.730003,32597900
23-Jan-17,120,120.080002,120.809998,119.769997,22050200
24-Jan-17,119.550003,119.970001,120.099998,119.5,23211000
25-Jan-17,120.419998,121.879997,122.099998,120.279999,32377600
26-Jan-17,121.669998,121.940002,122.440002,121.599998,26337600
27-Jan-17,122.139999,121.949997,122.349998,121.599998,20562900
30-Jan-17,120.93,121.629997,121.629997,120.660004,30377500
31-Jan-17,121.150002,121.349998,121.389999,120.620003,49201000
1-Feb-17,127.029999,128.75,130.490005,127.010002,111985000
2-Feb-17,127.980003,128.529999,129.389999,127.779999,33710400
3-Feb-17,128.309998,129.080002,129.190002,128.160004,24507300
6-Feb-17,129.130005,130.289993,130.5,128.899994,26845900
7-Feb-17,130.539993,131.529999,132.089996,130.449997,38183800
8-Feb-17,131.350006,132.039993,132.220001,131.220001,23004100
9-Feb-17,131.649994,132.419998,132.449997,131.119995,28349900
10-Feb-17,132.460007,132.119995,132.940002,132.050003,20065500
13-Feb-17,133.080002,133.289993,133.820007,132.75,23035400
14-Feb-17,133.470001,135.020004,135.089996,133.25,33226200
15-Feb-17,135.520004,135.509995,136.270004,134.619995,35623100
16-Feb-17,135.669998,135.350006,135.899994,134.839996,22584600
17-Feb-17,135.100006,135.720001,135.830002,135.100006,22198200
21-Feb-17,136.229996,136.699997,136.75,135.979996,24507200
22-Feb-17,136.429993,137.110001,137.119995,136.110001,20836900
23-Feb-17,137.380005,136.529999,137.479996,136.300003,20788200
24-Feb-17,135.910004,136.660004,136.660004,135.279999,21776600
27-Feb-17,137.139999,136.929993,137.440002,136.279999,20257400
28-Feb-17,137.080002,136.990005,137.440002,136.699997,23482900
1-Mar-17,137.889999,139.789993,140.149994,137.600006,36414600
2-Mar-17,140,138.960007,140.279999,138.759995,26211000
3-Mar-17,138.779999,139.779999,139.830002,138.589996,21108100
6-Mar-17,139.369995,139.339996,139.770004,138.600006,21750000
7-Mar-17,139.059998,139.520004,139.979996,138.789993,17446300
8-Mar-17,138.949997,139,139.800003,138.820007,18707200
9-Mar-17,138.740005,138.679993,138.789993,137.050003,22155900
10-Mar-17,139.25,139.139999,139.360001,138.639999,19612800
13-Mar-17,138.850006,139.199997,139.429993,138.820007,17421700
14-Mar-17,139.300003,138.990005,139.649994,138.839996,15309100
15-Mar-17,139.410004,140.460007,140.75,139.029999,25691800
16-Mar-17,140.720001,140.690002,141.020004,140.259995,19232000
17-Mar-17,141,139.990005,141,139.889999,43885000
20-Mar-17,140.399994,141.460007,141.5,140.229996,21542000
21-Mar-17,142.110001,139.839996,142.800003,139.729996,39529900
22-Mar-17,139.850006,141.419998,141.600006,139.759995,25860200
23-Mar-17,141.259995,140.919998,141.580002,140.610001,20346300
24-Mar-17,141.5,140.639999,141.740005,140.350006,22395600
27-Mar-17,139.389999,140.880005,141.220001,138.619995,23575100
28-Mar-17,140.910004,143.800003,144.039993,140.619995,33374800
29-Mar-17,143.679993,144.119995,144.490005,143.190002,29190000
30-Mar-17,144.190002,143.929993,144.5,143.5,21207300
31-Mar-17,143.720001,143.660004,144.270004,143.009995,19661700
3-Apr-17,143.710007,143.699997,144.119995,143.050003,19985700
4-Apr-17,143.25,144.770004,144.889999,143.169998,19891400
5-Apr-17,144.220001,144.020004,145.460007,143.809998,27717900
6-Apr-17,144.289993,143.660004,144.520004,143.449997,21149000
7-Apr-17,143.729996,143.339996,144.179993,143.270004,16672200
10-Apr-17,143.600006,143.169998,143.880005,142.899994,18933400
11-Apr-17,142.940002,141.630005,143.350006,140.059998,30379400
12-Apr-17,141.600006,141.800003,142.149994,141.009995,20350000
13-Apr-17,141.910004,141.050003,142.380005,141.050003,17822900
17-Apr-17,141.479996,141.830002,141.880005,140.869995,16582100
18-Apr-17,141.410004,141.199997,142.039993,141.110001,14697500
19-Apr-17,141.880005,140.679993,142,140.449997,17328400
20-Apr-17,141.220001,142.440002,142.919998,141.160004,23319600
21-Apr-17,142.440002,142.270004,142.679993,141.850006,17320900
24-Apr-17,143.5,143.639999,143.949997,143.179993,17134300
25-Apr-17,143.910004,144.529999,144.899994,143.869995,18871500
26-Apr-17,144.470001,143.679993,144.600006,143.380005,20041200
27-Apr-17,143.919998,143.789993,144.160004,143.309998,14246300
28-Apr-17,144.089996,143.649994,144.300003,143.270004,20860400
1-May-17,145.100006,146.580002,147.199997,144.960007,33602900
2-May-17,147.539993,147.509995,148.089996,146.839996,45352200
3-May-17,145.589996,147.059998,147.490005,144.270004,45697000
4-May-17,146.520004,146.529999,147.139999,145.809998,23371900
5-May-17,146.759995,148.960007,148.979996,146.759995,27327700
8-May-17,149.029999,153.009995,153.699997,149.029999,48752400
9-May-17,153.869995,153.990005,154.880005,153.449997,39130400
10-May-17,153.630005,153.259995,153.940002,152.110001,25805700
11-May-17,152.449997,153.949997,154.070007,152.309998,27255100
12-May-17,154.699997,156.100006,156.419998,154.669998,32527000
15-May-17,156.009995,155.699997,156.649994,155.050003,26009700
16-May-17,155.940002,155.470001,156.059998,154.720001,20048500
17-May-17,153.600006,150.25,154.570007,149.710007,50767700
18-May-17,151.270004,152.539993,153.339996,151.130005,33568200
19-May-17,153.380005,153.059998,153.979996,152.630005,26960800
22-May-17,154,153.990005,154.580002,152.910004,22966400
23-May-17,154.899994,153.800003,154.899994,153.309998,19918900
24-May-17,153.839996,153.339996,154.169998,152.669998,19178000
25-May-17,153.729996,153.869995,154.350006,153.029999,19235600
26-May-17,154,153.610001,154.240005,153.309998,21927600
30-May-17,153.419998,153.669998,154.429993,153.330002,20126900
31-May-17,153.970001,152.759995,154.169998,152.380005,24451200
1-Jun-17,153.169998,153.179993,153.330002,152.220001,16404100
2-Jun-17,153.580002,155.449997,155.449997,152.889999,27770700
5-Jun-17,154.339996,153.929993,154.449997,153.460007,25331700
6-Jun-17,153.899994,154.449997,155.809998,153.779999,26624900
7-Jun-17,155.020004,155.369995,155.979996,154.479996,21069600
8-Jun-17,155.25,154.990005,155.539993,154.399994,21250800
9-Jun-17,155.190002,148.979996,155.190002,146.020004,64882700
12-Jun-17,145.740005,145.419998,146.089996,142.509995,72307300
13-Jun-17,147.160004,146.589996,147.449997,145.149994,34165400
14-Jun-17,147.5,145.160004,147.5,143.839996,31531200
15-Jun-17,143.320007,144.289993,144.479996,142.210007,32165400
16-Jun-17,143.779999,142.270004,144.5,142.199997,50361100
19-Jun-17,143.660004,146.339996,146.740005,143.660004,32541400
20-Jun-17,146.869995,145.009995,146.869995,144.940002,24900100
21-Jun-17,145.520004,145.869995,146.070007,144.610001,21265800
22-Jun-17,145.770004,145.630005,146.699997,145.119995,19106300
23-Jun-17,145.130005,146.279999,147.160004,145.110001,35439400
26-Jun-17,147.169998,145.820007,148.279999,145.380005,25692400
27-Jun-17,145.009995,143.729996,146.160004,143.619995,24761900
28-Jun-17,144.490005,145.830002,146.110001,143.160004,22082400
29-Jun-17,144.710007,143.679993,145.130005,142.279999,31499400
30-Jun-17,144.449997,144.020004,144.960007,143.779999,23024100
3-Jul-17,144.880005,143.5,145.300003,143.100006,14277800
5-Jul-17,143.690002,144.089996,144.789993,142.720001,21569600
6-Jul-17,143.020004,142.729996,143.5,142.410004,24128800
7-Jul-17,142.899994,144.179993,144.75,142.899994,19201700
10-Jul-17,144.110001,145.059998,145.949997,143.369995,21090600
11-Jul-17,144.729996,145.529999,145.850006,144.380005,19781800
12-Jul-17,145.869995,145.740005,146.179993,144.820007,24884500
13-Jul-17,145.5,147.770004,148.490005,145.440002,25199400
14-Jul-17,147.970001,149.039993,149.330002,147.330002,20132100
17-Jul-17,148.820007,149.559998,150.899994,148.570007,23793500
18-Jul-17,149.199997,150.080002,150.130005,148.669998,17868800
19-Jul-17,150.479996,151.020004,151.419998,149.949997,20923000
20-Jul-17,151.5,150.339996,151.740005,150.190002,17243700
21-Jul-17,149.990005,150.270004,150.440002,148.880005,26252600
24-Jul-17,150.580002,152.089996,152.440002,149.899994,21493200
25-Jul-17,151.800003,152.740005,153.839996,151.800003,18853900
26-Jul-17,153.350006,153.460007,153.929993,153.059998,15781000
27-Jul-17,153.75,150.559998,153.990005,147.300003,32476300
28-Jul-17,149.889999,149.5,150.229996,149.190002,17213700
31-Jul-17,149.899994,148.729996,150.330002,148.130005,19845900
1-Aug-17,149.100006,150.050003,150.220001,148.410004,35368600
2-Aug-17,159.279999,157.139999,159.75,156.160004,69936800
3-Aug-17,157.050003,155.570007,157.210007,155.020004,27097300
4-Aug-17,156.070007,156.389999,157.399994,155.690002,20559900
7-Aug-17,157.059998,158.809998,158.919998,156.669998,21870300
8-Aug-17,158.600006,160.080002,161.830002,158.270004,36205900
9-Aug-17,159.259995,161.059998,161.270004,159.110001,26131500
10-Aug-17,159.899994,155.320007,160,154.630005,40804300
11-Aug-17,156.600006,157.479996,158.570007,156.070007,26257100
14-Aug-17,159.320007,159.850006,160.210007,158.75,22122700
15-Aug-17,160.660004,161.600006,162.199997,160.139999,29465500
16-Aug-17,161.940002,160.949997,162.509995,160.149994,27671600
17-Aug-17,160.520004,157.860001,160.710007,157.839996,27940600
18-Aug-17,157.860001,157.5,159.5,156.720001,27428100
21-Aug-17,157.5,157.210007,157.889999,155.110001,26368500
22-Aug-17,158.229996,159.779999,160,158.020004,21604600
23-Aug-17,159.070007,159.979996,160.470001,158.880005,19399100
24-Aug-17,160.429993,159.270004,160.740005,158.550003,19818900
25-Aug-17,159.649994,159.860001,160.559998,159.270004,25480100
28-Aug-17,160.139999,161.470001,162,159.929993,25966000
29-Aug-17,160.100006,162.910004,163.119995,160,29516900
30-Aug-17,163.800003,163.350006,163.889999,162.610001,27269600
31-Aug-17,163.639999,164,164.520004,163.479996,26785100
1-Sep-17,164.800003,164.050003,164.940002,163.630005,16591100
5-Sep-17,163.75,162.080002,164.25,160.559998,29468500
6-Sep-17,162.710007,161.910004,162.990005,160.520004,21651700
7-Sep-17,162.089996,161.259995,162.240005,160.360001,21928500
8-Sep-17,160.860001,158.630005,161.149994,158.529999,28611500
11-Sep-17,160.5,161.5,162.050003,159.889999,31580800
12-Sep-17,162.610001,160.860001,163.960007,158.770004,71714000
13-Sep-17,159.869995,159.649994,159.960007,157.910004,44907400
14-Sep-17,158.990005,158.279999,159.399994,158.089996,23760700
15-Sep-17,158.470001,159.880005,160.970001,158,49114600
18-Sep-17,160.110001,158.669998,160.5,158,28269400
19-Sep-17,159.509995,158.729996,159.770004,158.440002,20810600
20-Sep-17,157.899994,156.070007,158.259995,153.830002,52951400
21-Sep-17,155.800003,153.389999,155.800003,152.75,37511700
22-Sep-17,151.539993,151.889999,152.270004,150.559998,46645400
25-Sep-17,149.990005,150.550003,151.830002,149.160004,44387300
26-Sep-17,151.779999,153.139999,153.919998,151.690002,36660000
27-Sep-17,153.800003,154.229996,154.720001,153.539993,25504200
28-Sep-17,153.889999,153.279999,154.279999,152.699997,22005500
29-Sep-17,153.210007,154.119995,154.130005,152,26299800
2-Oct-17,154.259995,153.809998,154.449997,152.720001,18698800
3-Oct-17,154.009995,154.479996,155.089996,153.910004,16230300
4-Oct-17,153.630005,153.479996,153.860001,152.460007,20163800
5-Oct-17,154.179993,155.389999,155.440002,154.050003,21283800
6-Oct-17,154.970001,155.300003,155.490005,154.559998,17407600
9-Oct-17,155.809998,155.839996,156.729996,155.490005,16262900
10-Oct-17,156.059998,155.899994,158,155.100006,15617000
11-Oct-17,155.970001,156.550003,156.979996,155.75,16905600
12-Oct-17,156.350006,156,157.369995,155.729996,16125100
13-Oct-17,156.729996,156.990005,157.279999,156.410004,16394200
16-Oct-17,157.899994,159.880005,160,157.649994,24121500
17-Oct-17,159.779999,160.470001,160.869995,159.229996,18997300
18-Oct-17,160.419998,159.759995,160.710007,159.600006,16374200
19-Oct-17,156.75,155.979996,157.080002,155.020004,42584200
20-Oct-17,156.610001,156.25,157.75,155.960007,23974100
23-Oct-17,156.889999,156.169998,157.690002,155.5,21984300
24-Oct-17,156.289993,157.100006,157.419998,156.199997,17757200
25-Oct-17,156.910004,156.410004,157.550003,155.270004,21207100
26-Oct-17,157.229996,157.410004,157.830002,156.779999,17000500
27-Oct-17,159.289993,163.050003,163.600006,158.699997,44454200
30-Oct-17,163.889999,166.720001,168.070007,163.720001,44700800
31-Oct-17,167.899994,169.039993,169.649994,166.940002,36046800
1-Nov-17,169.869995,166.889999,169.940002,165.610001,33637800
2-Nov-17,166.600006,168.110001,168.5,165.279999,41393400
3-Nov-17,174,172.5,174.259995,171.119995,59398600
6-Nov-17,172.369995,174.25,174.990005,171.720001,35026300
7-Nov-17,173.910004,174.809998,175.25,173.600006,24361500
8-Nov-17,174.660004,176.240005,176.240005,174.330002,24409500
9-Nov-17,175.110001,175.880005,176.100006,173.139999,29482600
10-Nov-17,175.110001,174.669998,175.380005,174.270004,25145500
13-Nov-17,173.5,173.970001,174.5,173.399994,16982100
14-Nov-17,173.039993,171.339996,173.479996,171.179993,24782500
15-Nov-17,169.970001,169.080002,170.320007,168.380005,29158100
16-Nov-17,171.179993,171.100006,171.869995,170.300003,23637500
17-Nov-17,171.039993,170.149994,171.389999,169.639999,21899500
20-Nov-17,170.289993,169.979996,170.559998,169.559998,16262400
21-Nov-17,170.779999,173.139999,173.699997,170.779999,25131300
22-Nov-17,173.360001,174.960007,175,173.050003,25588900
24-Nov-17,175.100006,174.970001,175.5,174.649994,14026700
27-Nov-17,175.050003,174.089996,175.080002,173.339996,20716800
28-Nov-17,174.300003,173.070007,174.869995,171.860001,26428800
29-Nov-17,172.630005,169.479996,172.919998,167.160004,41666400
30-Nov-17,170.429993,171.850006,172.139999,168.440002,41527200
1-Dec-17,169.949997,171.050003,171.669998,168.5,39759300
4-Dec-17,172.479996,169.800003,172.619995,169.630005,32542400
5-Dec-17,169.059998,169.639999,171.520004,168.399994,27350200
6-Dec-17,167.5,169.009995,170.199997,166.460007,28560000
7-Dec-17,169.029999,169.320007,170.440002,168.910004,25673300
8-Dec-17,170.490005,169.369995,171,168.820007,23355200
11-Dec-17,169.199997,172.669998,172.889999,168.789993,35273800
12-Dec-17,172.149994,171.699997,172.389999,171.460007,19409200
13-Dec-17,172.5,172.270004,173.539993,172,23818400
14-Dec-17,172.399994,172.220001,173.130005,171.649994,20476500
15-Dec-17,173.630005,173.970001,174.169998,172.460007,40169300
18-Dec-17,174.880005,176.419998,177.199997,174.860001,29421100
19-Dec-17,175.029999,174.539993,175.389999,174.089996,27436400
20-Dec-17,174.869995,174.350006,175.419998,173.25,23475600
21-Dec-17,174.169998,175.009995,176.020004,174.100006,20949900
22-Dec-17,174.679993,175.009995,175.419998,174.5,16349400
26-Dec-17,170.800003,170.570007,171.470001,169.679993,33185500
27-Dec-17,170.100006,170.600006,170.779999,169.710007,21498200
28-Dec-17,171,171.080002,171.850006,170.479996,16480200
29-Dec-17,170.520004,169.229996,170.589996,169.220001,25999900
2-Jan-18,170.160004,172.259995,172.300003,169.259995,25555900
3-Jan-18,172.529999,172.229996,174.550003,171.960007,29517900
4-Jan-18,172.539993,173.029999,173.470001,172.080002,22434600
5-Jan-18,173.440002,175,175.369995,173.050003,23660000
8-Jan-18,174.350006,174.350006,175.610001,173.929993,20567800
9-Jan-18,174.550003,174.330002,175.059998,173.410004,21584000
10-Jan-18,173.160004,174.289993,174.300003,173,23959900
11-Jan-18,174.589996,175.279999,175.490005,174.490005,18667700
12-Jan-18,176.179993,177.089996,177.360001,175.649994,25418100
16-Jan-18,177.899994,176.190002,179.389999,176.139999,29565900
17-Jan-18,176.149994,179.100006,179.25,175.070007,34386800
18-Jan-18,179.369995,179.259995,180.100006,178.25,31193400
19-Jan-18,178.610001,178.460007,179.580002,177.410004,32425100
22-Jan-18,177.300003,177,177.779999,176.600006,27108600
23-Jan-18,177.300003,177.039993,179.440002,176.820007,32689100
24-Jan-18,177.25,174.220001,177.300003,173.199997,51105100
25-Jan-18,174.509995,171.110001,174.949997,170.529999,41529000
26-Jan-18,172,171.509995,172,170.059998,39143000
29-Jan-18,170.160004,167.960007,170.160004,167.070007,50640400
30-Jan-18,165.529999,166.970001,167.369995,164.699997,46048200
31-Jan-18,166.869995,167.429993,168.440002,166.5,32478900
1-Feb-18,167.169998,167.779999,168.619995,166.759995,47230800
2-Feb-18,166,160.5,166.800003,160.100006,86593800
5-Feb-18,159.100006,156.490005,163.880005,156,72738500
6-Feb-18,154.830002,163.029999,163.720001,154,68243800
7-Feb-18,163.089996,159.539993,163.399994,159.070007,51608600
8-Feb-18,160.289993,155.149994,161,155.029999,54390500
9-Feb-18,157.070007,156.410004,157.889999,150.240005,70672600
12-Feb-18,158.5,162.710007,163.889999,157.509995,60819500
13-Feb-18,161.949997,164.339996,164.75,161.649994,32549200
14-Feb-18,163.039993,167.369995,167.539993,162.880005,40644900
15-Feb-18,169.789993,172.990005,173.089996,169,51147200
16-Feb-18,172.360001,172.429993,174.820007,171.770004,40176100
20-Feb-18,172.050003,171.850006,174.259995,171.419998,33930500
21-Feb-18,172.830002,171.070007,174.119995,171.009995,37471600
22-Feb-18,171.800003,172.5,173.949997,171.710007,30991900
23-Feb-18,173.669998,175.5,175.649994,173.539993,33812400
26-Feb-18,176.350006,178.970001,179.389999,176.210007,38162200
27-Feb-18,179.100006,178.389999,180.479996,178.160004,38928100
28-Feb-18,179.259995,178.119995,180.619995,178.050003,37782100
1-Mar-18,178.539993,175,179.779999,172.660004,48802000
2-Mar-18,172.800003,176.210007,176.300003,172.449997,38454000
5-Mar-18,175.210007,176.820007,177.740005,174.520004,28401400
6-Mar-18,177.910004,176.669998,178.25,176.130005,23788500
7-Mar-18,174.940002,175.029999,175.850006,174.270004,31703500
8-Mar-18,175.479996,176.940002,177.119995,175.070007,23774100
9-Mar-18,177.960007,179.979996,180,177.389999,32185200
12-Mar-18,180.289993,181.720001,182.389999,180.210007,32207100
13-Mar-18,182.589996,179.970001,183.5,179.240005,31693500
14-Mar-18,180.320007,178.440002,180.520004,177.809998,29368400
15-Mar-18,178.5,178.649994,180.240005,178.070007,22743800
16-Mar-18,178.649994,178.020004,179.119995,177.619995,39404700
19-Mar-18,177.320007,175.300003,177.470001,173.660004,33446800
20-Mar-18,175.240005,175.240005,176.800003,174.940002,19649400
21-Mar-18,175.039993,171.270004,175.089996,171.259995,37054900
22-Mar-18,170,168.850006,172.679993,168.600006,41490800
23-Mar-18,168.389999,164.940002,169.919998,164.940002,41028800
26-Mar-18,168.070007,172.770004,173.100006,166.440002,37541200
27-Mar-18,173.679993,168.339996,175.149994,166.919998,40922600
28-Mar-18,167.25,166.479996,170.020004,165.190002,41668500
29-Mar-18,167.809998,167.779999,171.75,166.899994,38398500
2-Apr-18,166.639999,166.679993,168.940002,164.470001,37586800
3-Apr-18,167.639999,168.389999,168.75,164.880005,30278000
4-Apr-18,164.880005,171.610001,172.009995,164.770004,34605500
5-Apr-18,172.580002,172.800003,174.229996,172.080002,26933200
6-Apr-18,170.970001,168.380005,172.479996,168.199997,35005300
9-Apr-18,169.880005,170.050003,173.089996,169.850006,29017700
10-Apr-18,173,173.25,174,171.529999,28408600
11-Apr-18,172.229996,172.440002,173.919998,171.699997,22431600
12-Apr-18,173.410004,174.139999,175,173.039993,22889300
13-Apr-18,174.779999,174.729996,175.839996,173.850006,25124300
16-Apr-18,175.029999,175.820007,176.190002,174.830002,21578400
17-Apr-18,176.490005,178.240005,178.940002,176.410004,26605400
18-Apr-18,177.809998,177.839996,178.820007,176.880005,20754500
19-Apr-18,173.759995,172.800003,175.389999,172.660004,34808800
20-Apr-18,170.600006,165.720001,171.220001,165.429993,65491100
23-Apr-18,166.830002,165.240005,166.919998,164.089996,36515500
24-Apr-18,165.669998,162.940002,166.330002,161.220001,33692000
25-Apr-18,162.619995,163.649994,165.419998,162.410004,28382100
26-Apr-18,164.119995,164.220001,165.729996,163.369995,27963000
27-Apr-18,164,162.320007,164.330002,160.630005,35655800
30-Apr-18,162.130005,165.259995,167.259995,161.839996,42427400
1-May-18,166.410004,169.100006,169.199997,165.270004,53569400
2-May-18,175.229996,176.570007,177.75,173.800003,66539400
3-May-18,175.880005,176.889999,177.5,174.440002,34068200
4-May-18,178.25,183.830002,184.25,178.169998,56201300
7-May-18,185.179993,185.160004,187.669998,184.75,42451400
8-May-18,184.990005,186.050003,186.220001,183.669998,28402800
9-May-18,186.550003,187.360001,187.399994,185.220001,23211200
10-May-18,187.740005,190.039993,190.369995,187.649994,27989300
11-May-18,189.490005,188.589996,190.059998,187.449997,26212200
14-May-18,189.009995,188.149994,189.529999,187.860001,20778800
15-May-18,186.779999,186.440002,187.070007,185.100006,23695200
16-May-18,186.070007,188.179993,188.460007,186,19183100
17-May-18,188,186.990005,188.910004,186.360001,17294000
18-May-18,187.190002,186.309998,187.809998,186.130005,18297700
21-May-18,188,187.630005,189.270004,186.910004,18400800
22-May-18,188.380005,187.160004,188.880005,186.779999,15240700
23-May-18,186.350006,188.360001,188.5,185.759995,20058400
24-May-18,188.770004,188.149994,188.839996,186.210007,23234000
25-May-18,188.229996,188.580002,189.649994,187.649994,17461000
29-May-18,187.600006,187.899994,188.75,186.869995,22514100
30-May-18,187.720001,187.5,188,186.779999,18690500
31-May-18,187.220001,186.869995,188.229996,186.139999,27482800
1-Jun-18,187.990005,190.240005,190.259995,187.75,23442500
4-Jun-18,191.639999,191.830002,193.419998,191.350006,26266200
5-Jun-18,193.070007,193.309998,193.940002,192.360001,21566000
6-Jun-18,193.630005,193.979996,194.080002,191.919998,20933600
7-Jun-18,194.139999,193.460007,194.199997,192.339996,21347200
8-Jun-18,191.169998,191.699997,192,189.770004,26656800
11-Jun-18,191.350006,191.229996,191.970001,190.210007,18308500
12-Jun-18,191.389999,192.279999,192.610001,191.149994,16911100
13-Jun-18,192.419998,190.699997,192.880005,190.440002,21638400
14-Jun-18,191.550003,190.800003,191.570007,190.220001,21610100
15-Jun-18,190.029999,188.839996,190.160004,188.259995,61719200
18-Jun-18,187.880005,188.740005,189.220001,187.199997,18484900
19-Jun-18,185.139999,185.690002,186.330002,183.449997,33578500
20-Jun-18,186.350006,186.5,187.199997,185.729996,20628700
21-Jun-18,187.25,185.460007,188.350006,184.940002,25711900
22-Jun-18,186.119995,184.919998,186.149994,184.699997,27200400
25-Jun-18,183.399994,182.169998,184.919998,180.729996,31663100
26-Jun-18,182.990005,184.429993,186.529999,182.539993,24569200
27-Jun-18,185.229996,184.160004,187.279999,184.029999,25285300
28-Jun-18,184.100006,185.5,186.210007,183.800003,17365200
29-Jun-18,186.289993,185.110001,187.190002,182.910004,22737700
2-Jul-18,183.820007,187.179993,187.300003,183.419998,17731300
3-Jul-18,187.789993,183.919998,187.949997,183.539993,13954800
5-Jul-18,185.259995,185.399994,186.410004,184.279999,16604200
6-Jul-18,185.419998,187.970001,188.429993,185.199997,17485200
9-Jul-18,189.5,190.580002,190.679993,189.300003,19756600
10-Jul-18,190.710007,190.350006,191.279999,190.179993,15939100
11-Jul-18,188.5,187.880005,189.779999,187.610001,18831500
12-Jul-18,189.529999,191.029999,191.410004,189.309998,18041100
13-Jul-18,191.080002,191.330002,191.839996,190.899994,12513900
16-Jul-18,191.520004,190.910004,192.649994,190.419998,15043100
17-Jul-18,189.75,191.449997,191.869995,189.199997,15534500
18-Jul-18,191.779999,190.399994,191.800003,189.929993,16393400
19-Jul-18,189.690002,191.880005,192.550003,189.690002,20286800
20-Jul-18,191.779999,191.440002,192.429993,190.169998,20676200
23-Jul-18,190.679993,191.610001,191.960007,189.559998,15989400
24-Jul-18,192.449997,193,193.660004,192.050003,18697900
25-Jul-18,193.059998,194.820007,194.850006,192.429993,16709900
26-Jul-18,194.610001,194.210007,195.960007,193.610001,19076000
27-Jul-18,194.990005,190.979996,195.190002,190.100006,24024000
30-Jul-18,191.899994,189.910004,192.199997,189.070007,21029500
31-Jul-18,190.300003,190.289993,192.139999,189.339996,39373000
1-Aug-18,199.130005,201.5,201.759995,197.309998,67935700
2-Aug-18,200.580002,207.389999,208.380005,200.350006,62404000
3-Aug-18,207.029999,207.990005,208.740005,205.479996,33447400
6-Aug-18,208,209.070007,209.25,207.070007,25425400
7-Aug-18,209.320007,207.110001,209.5,206.759995,25587400
8-Aug-18,206.050003,207.25,207.809998,204.520004,22525500
9-Aug-18,209.529999,208.880005,209.779999,207.199997,23492600
10-Aug-18,207.360001,207.529999,209.100006,206.669998,24611200
13-Aug-18,209.309998,208.869995,210.949997,207.699997,25890900
14-Aug-18,210.160004,209.75,210.559998,208.259995,20748000
15-Aug-18,209.220001,210.240005,210.740005,208.330002,28807600
16-Aug-18,211.75,213.320007,213.809998,211.470001,28500400
17-Aug-18,213.440002,217.580002,217.949997,213.160004,35427000
20-Aug-18,218.100006,215.460007,219.179993,215.110001,30287700
21-Aug-18,216.800003,215.039993,217.190002,214.029999,26159800
22-Aug-18,214.100006,215.050003,216.360001,213.839996,19018100
23-Aug-18,214.649994,215.490005,217.050003,214.600006,18883200
24-Aug-18,216.600006,216.160004,216.899994,215.110001,18476400
27-Aug-18,217.149994,217.940002,218.740005,216.330002,20525100
28-Aug-18,219.009995,219.699997,220.539993,218.919998,22776800
29-Aug-18,220.149994,222.979996,223.490005,219.410004,27254800
30-Aug-18,223.25,225.029999,228.259995,222.399994,48793800
31-Aug-18,226.509995,227.630005,228.869995,226,43340100
4-Sep-18,228.410004,228.360001,229.179993,226.630005,27390100
5-Sep-18,228.990005,226.869995,229.669998,225.100006,33333000
6-Sep-18,226.229996,223.100006,227.350006,221.300003,34290000
7-Sep-18,221.850006,221.300003,225.369995,220.710007,37619800
10-Sep-18,220.949997,218.330002,221.850006,216.470001,39516500
11-Sep-18,218.009995,223.850006,224.300003,216.559998,35749000
12-Sep-18,224.940002,221.070007,225,219.839996,49278700
13-Sep-18,223.520004,226.410004,228.350006,222.570007,41706400
14-Sep-18,225.75,223.839996,226.839996,222.520004,31999300
17-Sep-18,222.149994,217.880005,222.949997,217.270004,37195100
18-Sep-18,217.789993,218.240005,221.850006,217.119995,31571700
19-Sep-18,218.5,218.369995,219.619995,215.300003,27123800
20-Sep-18,220.240005,220.029999,222.279999,219.149994,26608800
21-Sep-18,220.779999,217.660004,221.360001,217.289993,96246700
24-Sep-18,216.820007,220.789993,221.259995,216.630005,27693400
25-Sep-18,219.75,222.190002,222.820007,219.699997,24554400
26-Sep-18,221,220.419998,223.75,219.759995,23984700
27-Sep-18,223.820007,224.949997,226.440002,223.539993,30181200
28-Sep-18,224.789993,225.740005,225.839996,224.020004,22929400
1-Oct-18,227.949997,227.259995,229.419998,226.350006,23600800
2-Oct-18,227.25,229.279999,230,226.630005,24788200
3-Oct-18,230.050003,232.070007,233.470001,229.779999,28654800
4-Oct-18,230.779999,227.990005,232.350006,226.729996,32042000
5-Oct-18,227.960007,224.289993,228.410004,220.580002,33580500
8-Oct-18,222.210007,223.770004,224.800003,220.199997,29663900
9-Oct-18,223.639999,226.869995,227.270004,222.25,26891000
10-Oct-18,225.460007,216.360001,226.350006,216.050003,41990600
11-Oct-18,214.520004,214.449997,219.5,212.320007,53124400
12-Oct-18,220.419998,222.110001,222.880005,216.839996,40337900
15-Oct-18,221.160004,217.360001,221.830002,217.270004,30791000
16-Oct-18,218.929993,222.149994,222.990005,216.759995,29184000
17-Oct-18,222.300003,221.190002,222.639999,219.339996,22885400
18-Oct-18,217.860001,216.020004,219.740005,213,32581300
19-Oct-18,218.059998,219.309998,221.259995,217.429993,33078700
22-Oct-18,219.789993,220.649994,223.360001,218.940002,28792100
23-Oct-18,215.830002,222.729996,223.25,214.699997,38767800
24-Oct-18,222.600006,215.089996,224.229996,214.539993,40925500
25-Oct-18,217.710007,219.800003,221.380005,216.75,29855800
26-Oct-18,215.899994,216.300003,220.190002,212.669998,47258400
29-Oct-18,219.190002,212.240005,219.690002,206.089996,45935500
30-Oct-18,211.149994,213.300003,215.179993,209.270004,36660000
31-Oct-18,216.880005,218.860001,220.449997,216.619995,38358900
1-Nov-18,219.050003,222.220001,222.360001,216.809998,58323200
2-Nov-18,209.550003,207.479996,213.649994,205.429993,91328700
5-Nov-18,204.300003,201.589996,204.389999,198.169998,66163700
6-Nov-18,201.919998,203.770004,204.720001,201.690002,31882900
7-Nov-18,205.970001,209.949997,210.059998,204.130005,33424400
8-Nov-18,209.979996,208.490005,210.119995,206.75,25362600
9-Nov-18,205.550003,204.470001,206.009995,202.25,34365800
12-Nov-18,199,194.169998,199.850006,193.789993,51135500
13-Nov-18,191.630005,192.229996,197.179993,191.449997,46882900
14-Nov-18,193.899994,186.800003,194.479996,185.929993,60801000
15-Nov-18,188.389999,191.410004,191.970001,186.899994,46478800
16-Nov-18,190.5,193.529999,194.970001,189.460007,36928300
19-Nov-18,190,185.860001,190.699997,184.990005,41925300
20-Nov-18,178.369995,176.979996,181.470001,175.509995,67825200
21-Nov-18,179.729996,176.779999,180.270004,176.550003,31124200
23-Nov-18,174.940002,172.289993,176.600006,172.100006,23624000
26-Nov-18,174.240005,174.619995,174.949997,170.259995,44998500
27-Nov-18,171.509995,174.240005,174.770004,170.880005,41387400
28-Nov-18,176.729996,180.940002,181.289993,174.929993,46062500
29-Nov-18,182.660004,179.550003,182.800003,177.699997,41770000
30-Nov-18,180.289993,178.580002,180.330002,177.029999,39531500
3-Dec-18,184.460007,184.820007,184.940002,181.210007,40802500
4-Dec-18,180.949997,176.690002,182.389999,176.270004,41344300
6-Dec-18,171.759995,174.720001,174.779999,170.419998,43098400
7-Dec-18,173.490005,168.490005,174.490005,168.300003,42281600
10-Dec-18,165,169.600006,170.089996,163.330002,62026000
11-Dec-18,171.660004,168.630005,171.789993,167,47281700
12-Dec-18,170.399994,169.100006,171.919998,169.020004,35627700
13-Dec-18,170.490005,170.949997,172.570007,169.550003,31898600
14-Dec-18,169,165.479996,169.080002,165.279999,40703700
17-Dec-18,165.449997,163.940002,168.350006,162.729996,44287900
18-Dec-18,165.380005,166.070007,167.529999,164.389999,33841500
19-Dec-18,166,160.889999,167.449997,159.089996,49047300
20-Dec-18,160.399994,156.830002,162.110001,155.300003,64773000
21-Dec-18,156.860001,150.729996,158.160004,149.630005,95744600
24-Dec-18,148.149994,146.830002,151.550003,146.589996,37169200
26-Dec-18,148.300003,157.169998,157.229996,146.720001,58582500
27-Dec-18,155.839996,156.149994,156.770004,150.070007,53117100
28-Dec-18,157.5,156.229996,158.520004,154.550003,42291400
31-Dec-18,158.529999,157.740005,159.360001,156.479996,35003500
2-Jan-19,154.889999,157.919998,158.850006,154.229996,37039700
3-Jan-19,143.979996,142.190002,145.720001,142,91312200
4-Jan-19,144.529999,148.259995,148.550003,143.800003,58607100
7-Jan-19,148.699997,147.929993,148.830002,145.899994,54777800
8-Jan-19,149.559998,150.75,151.820007,148.520004,41025300
9-Jan-19,151.289993,153.309998,154.529999,149.630005,45099100
10-Jan-19,152.5,153.800003,153.970001,150.860001,35780700
11-Jan-19,152.880005,152.289993,153.699997,151.509995,27023200
14-Jan-19,150.850006,150,151.270004,149.220001,32439200
15-Jan-19,150.270004,153.070007,153.389999,150.050003,28710900
16-Jan-19,153.080002,154.940002,155.880005,153,30569700
17-Jan-19,154.199997,155.860001,157.660004,153.259995,29821200
18-Jan-19,157.5,156.820007,157.880005,155.979996,33751000
22-Jan-19,156.410004,153.300003,156.729996,152.619995,30394000
23-Jan-19,154.149994,153.919998,155.139999,151.699997,23130600
24-Jan-19,154.110001,152.699997,154.479996,151.740005,25441500
25-Jan-19,155.479996,157.759995,158.130005,154.320007,33535500
28-Jan-19,155.789993,156.300003,156.330002,153.660004,26192100
29-Jan-19,156.25,154.679993,158.130005,154.110001,41587200
30-Jan-19,163.25,165.25,166.149994,160.229996,61109800
31-Jan-19,166.110001,166.440002,169,164.559998,40739600
1-Feb-19,166.960007,166.520004,168.979996,165.929993,32668100
4-Feb-19,167.410004,171.25,171.660004,167.279999,31495500
5-Feb-19,172.860001,174.179993,175.080002,172.350006,36101600
6-Feb-19,174.649994,174.240005,175.570007,172.850006,28239600
7-Feb-19,172.399994,170.940002,173.940002,170.339996,31741700
8-Feb-19,168.990005,170.410004,170.660004,168.419998,23820000
11-Feb-19,171.050003,169.429993,171.210007,169.25,20993400
12-Feb-19,170.100006,170.889999,171,169.699997,22283500
13-Feb-19,171.389999,170.179993,172.479996,169.919998,22490200
14-Feb-19,169.710007,170.800003,171.259995,169.380005,21835700
15-Feb-19,171.25,170.419998,171.699997,169.75,24626800
19-Feb-19,169.710007,170.929993,171.440002,169.490005,18972800
20-Feb-19,171.190002,172.029999,173.320007,170.990005,26114400
21-Feb-19,171.800003,171.059998,172.369995,170.300003,17249700
22-Feb-19,171.580002,172.970001,173,171.380005,18913200
25-Feb-19,174.160004,174.229996,175.869995,173.949997,21873400
26-Feb-19,173.710007,174.330002,175.300003,173.169998,17070200
27-Feb-19,173.210007,174.869995,175,172.729996,27835400
28-Feb-19,174.320007,173.149994,174.910004,172.919998,28215400
1-Mar-19,174.279999,174.970001,175.149994,172.889999,25886200
4-Mar-19,175.690002,175.850006,177.75,173.970001,27436200
5-Mar-19,175.940002,175.529999,176,174.539993,19737400
6-Mar-19,174.669998,174.520004,175.490005,173.940002,20810400
7-Mar-19,173.869995,172.5,174.440002,172.020004,24796400
8-Mar-19,170.320007,172.910004,173.070007,169.5,23999400
11-Mar-19,175.490005,178.899994,179.119995,175.350006,32011000
12-Mar-19,180,180.910004,182.669998,179.369995,32467600
13-Mar-19,182.25,181.710007,183.300003,180.919998,31032500
14-Mar-19,183.899994,183.729996,184.100006,182.559998,23579500
15-Mar-19,184.850006,186.119995,187.330002,183.740005,39042900
18-Mar-19,185.800003,188.020004,188.389999,185.789993,26219800
19-Mar-19,188.350006,186.529999,188.990005,185.919998,31646400
20-Mar-19,186.229996,188.160004,189.490005,184.729996,31035200
21-Mar-19,190.020004,195.089996,196.330002,189.809998,51034200
22-Mar-19,195.339996,191.050003,197.690002,190.779999,42407700
25-Mar-19,191.509995,188.740005,191.979996,186.600006,43845300
26-Mar-19,191.660004,186.789993,192.880005,184.580002,49800500
27-Mar-19,188.75,188.470001,189.759995,186.550003,29848400
28-Mar-19,188.949997,188.720001,189.559998,187.529999,20780400
29-Mar-19,189.830002,189.949997,190.080002,188.539993,23564000
1-Apr-19,191.639999,191.240005,191.679993,188.380005,27862000
2-Apr-19,191.089996,194.020004,194.460007,191.050003,22765700
3-Apr-19,193.25,195.350006,196.5,193.149994,23271800
4-Apr-19,194.789993,195.690002,196.369995,193.139999,19114300
5-Apr-19,196.449997,197,197.100006,195.929993,18526600
8-Apr-19,196.419998,200.100006,200.229996,196.339996,25881700
9-Apr-19,200.320007,199.5,202.850006,199.229996,35768200
10-Apr-19,198.679993,200.619995,200.740005,198.179993,21695300
11-Apr-19,200.850006,198.949997,201,198.440002,20900800
12-Apr-19,199.199997,198.869995,200.139999,196.210007,27760700
15-Apr-19,198.580002,199.229996,199.850006,198.009995,17536600
16-Apr-19,199.460007,199.25,201.369995,198.559998,25696400
17-Apr-19,199.539993,203.130005,203.380005,198.610001,28906800
18-Apr-19,203.119995,203.860001,204.149994,202.520004,24195800
22-Apr-19,202.830002,204.529999,204.940002,202.339996,19439500
23-Apr-19,204.429993,207.479996,207.75,203.899994,23323000
24-Apr-19,207.360001,207.160004,208.479996,207.050003,17540600
25-Apr-19,206.830002,205.279999,207.759995,205.119995,18543200
26-Apr-19,204.899994,204.300003,205,202.119995,18649100
29-Apr-19,204.399994,204.610001,205.970001,203.860001,22204700
30-Apr-19,203.059998,200.669998,203.399994,199.110001,46534900
1-May-19,209.880005,210.520004,215.309998,209.229996,64827300
2-May-19,209.839996,209.149994,212.649994,208.130005,31996300
3-May-19,210.889999,211.75,211.839996,210.229996,20892400
6-May-19,204.289993,208.479996,208.839996,203.5,32443100
7-May-19,205.880005,202.860001,207.419998,200.830002,38763700
8-May-19,201.899994,202.899994,205.339996,201.75,26339500
9-May-19,200.399994,200.720001,201.679993,196.660004,34908600
10-May-19,197.419998,197.179993,198.850006,192.770004,41208700
13-May-19,187.710007,185.720001,189.479996,182.850006,57430600
14-May-19,186.410004,188.660004,189.699997,185.410004,36529700
15-May-19,186.270004,190.919998,191.75,186.020004,26544700
16-May-19,189.910004,190.080002,192.470001,188.839996,33031400
17-May-19,186.929993,189,190.899994,186.759995,32879100
20-May-19,183.520004,183.089996,184.350006,180.279999,38612300
21-May-19,185.220001,186.600006,188,184.699997,28364800
22-May-19,184.660004,182.779999,185.710007,182.550003,29748600
23-May-19,179.800003,179.660004,180.539993,177.809998,36529700
24-May-19,180.199997,178.970001,182.139999,178.619995,23714700
28-May-19,178.919998,178.229996,180.589996,177.910004,27948200
29-May-19,176.419998,177.380005,179.350006,176,28481200
30-May-19,177.949997,178.300003,179.229996,176.669998,21218400
31-May-19,176.229996,175.070007,177.990005,174.990005,27043600
3-Jun-19,175.600006,173.300003,177.919998,170.270004,40396100
4-Jun-19,175.440002,179.639999,179.830002,174.520004,30968000
5-Jun-19,184.279999,182.539993,184.990005,181.139999,29773400
6-Jun-19,183.080002,185.220001,185.470001,182.149994,22526300
7-Jun-19,186.509995,190.149994,191.919998,185.770004,30684400
10-Jun-19,191.809998,192.580002,195.369995,191.619995,26220900
11-Jun-19,194.860001,194.809998,196,193.600006,26932900
12-Jun-19,193.949997,194.190002,195.970001,193.389999,18253200
13-Jun-19,194.699997,194.149994,196.789993,193.600006,21674600
14-Jun-19,191.550003,192.740005,193.589996,190.300003,18761500
17-Jun-19,192.899994,193.889999,194.960007,192.169998,14669100
18-Jun-19,196.050003,198.449997,200.289993,195.210007,26551000
19-Jun-19,199.679993,197.869995,199.880005,197.309998,21124200
20-Jun-19,200.369995,199.460007,200.610001,198.029999,21514000
21-Jun-19,198.800003,198.779999,200.850006,198.149994,47800600
24-Jun-19,198.539993,198.580002,200.160004,198.169998,18220400
25-Jun-19,198.429993,195.570007,199.259995,195.289993,21070300
26-Jun-19,197.770004,199.800003,200.990005,197.350006,26067500
27-Jun-19,200.289993,199.740005,201.570007,199.570007,20899700
28-Jun-19,198.679993,197.919998,199.5,197.050003,31110600
